Subject,UserTags,TimeStamps,Tweets,Urls,Replys,reTweets,Likes
"""third party logistics"" lang:en","Westpac Freight Logistics Inc
@westpacflinc
·
47m",2023-10-27T04:41:30.000Z,"Choose 
@westpacflinc
 where efficiency meets precision for your shipping needs. We take pride in delivering seamless third-party logistics solutions tailored to your sole requirements. From supply chain optimization to on-time deliveries, we've got you covered
#thirdpartylogistics",https://twitter.com/westpacflinc,,,
"""third party logistics"" lang:en","Nuj De Castro
@NujDeCastro
·
6h",2023-10-26T23:11:18.000Z,"What is NetSuite Connector? It's like a spider web (in a good way!)  that connects your 
@NetSuite
 #data to different sales channels and third-party #logistics providers. See how your business can make some *scary good* connections: 
https://social.ora.cl/6010ugUXy",https://twitter.com/NujDeCastro,,,
"""third party logistics"" lang:en","Mahesh Agrawal @Oracle
@maheshgagr
·
13h",2023-10-26T15:36:01.000Z,"What is NetSuite Connector? It's like a spider web (in a good way!)  that connects your 
@NetSuite
 #data to different sales channels and third-party #logistics providers. See how your business can make some *scary good* connections: 
https://social.ora.cl/6018ug3YM",https://twitter.com/maheshgagr,,,
"""third party logistics"" lang:en","GENEDGE Alliance
@genedgealliance
·
14h",2023-10-26T15:15:58.000Z,"Camrett Logistics to expand capacity in Pulaski County, creating 58 new jobs
 Governor Glenn Youngkin today announced that Camrett Logistics, a full-service third-party logistics (3PL) company, invested over $2 million to expand capacity in Pulaski County. https://governor.virginia.gov/newsroom/news-releases/2023/october/name-1016359-en.html…",https://twitter.com/genedgealliance,,,
"""third party logistics"" lang:en","Scott Reagan
@ScMR1981
·
16h",2023-10-26T12:49:38.000Z,"What is NetSuite Connector? It's like a spider web (in a good way!)  that connects your 
@NetSuite
 #data to different sales channels and third-party #logistics providers. See how your business can make some *scary good* connections: 
https://social.ora.cl/6015ugBVl",https://twitter.com/ScMR1981,,,
"""third party logistics"" lang:en","Praveen Singh
@PraveenSCoach
·
17h",2023-10-26T11:33:12.000Z,"What is NetSuite Connector? It's like a spider web (in a good way!)  that connects your 
@NetSuite
 #data to different sales channels and third-party #logistics providers. See how your business can make some *scary good* connections: 
https://social.ora.cl/6018u57CA",https://twitter.com/PraveenSCoach,,,
"""third party logistics"" lang:en","Mohan Babu
@MohanVReddy
·
Oct 26",2023-10-26T04:08:10.000Z,"What is NetSuite Connector? It's like a spider web (in a good way!)  that connects your 
@NetSuite
 #data to different sales channels and third-party #logistics providers. See how your business can make some *scary good* connections: 
https://social.ora.cl/6018u5SvA",https://twitter.com/MohanVReddy,,,
"""third party logistics"" lang:en","Drmikemyers
@drmikemyers
·
Oct 26",2023-10-25T22:22:33.000Z,"! #TuckerCarlson #NASA #trump #whitehouse

Global third-party logistics market size is estimated at US$ 2144 billion by 2032 – http://Fact.MR",https://twitter.com/drmikemyers,,,
"""third party logistics"" lang:en","Danny Cerasuolo
@dannycerasuolo
·
Oct 26",2023-10-25T19:40:23.000Z,"What is NetSuite Connector? It's like a spider web (in a good way!)  that connects your 
@NetSuite
 #data to different sales channels and third-party #logistics providers. See how your business can make some *scary good* connections: 
https://social.ora.cl/6010u5e0q",https://twitter.com/dannycerasuolo,,,
"""third party logistics"" lang:en","Karen Cassel
@kcassel1107
·
Oct 25",2023-10-25T16:53:18.000Z,"What is NetSuite Connector? It's like a spider web (in a good way!)  that connects your 
@NetSuite
 #data to different sales channels and third-party #logistics providers. See how your business can make some *scary good* connections: 
https://social.ora.cl/6012u5TmG",https://twitter.com/kcassel1107,,,
"""third party logistics"" lang:en","Third Wave Automation
@thirdwaveai
·
Oct 25",2023-10-25T15:09:02.000Z,"60% of Third Party Logistics Companies invested in automation in 2022. Automation is no longer a luxury, but a necessity. Learn more https://hubs.li/Q026Jcq10

#roboticforklift #sharedautonomy #3pl #automation",https://twitter.com/thirdwaveai,,,
"""third party logistics"" lang:en","Ed van Haaster
@evanhaaster
·
Oct 25",2023-10-25T14:56:25.000Z,"What is NetSuite Connector? It's like a spider web (in a good way!)  that connects your 
@NetSuite
 #data to different sales channels and third-party #logistics providers. See how your business can make some *scary good* connections: 
https://social.ora.cl/6014u5Ki8",https://twitter.com/evanhaaster,,,
"""third party logistics"" lang:en","WDBJ7
@WDBJ7
·
Oct 25",2023-10-25T02:02:01.000Z,"Camrett Logistics, a third-party logistics company headquartered in Wytheville, plans to invest more than $2  million to expand capacity in Pulaski County.",https://twitter.com/WDBJ7,,1,2
"""third party logistics"" lang:en","Penske Logistics
@PenskeLogistics
·
Oct 25",2023-10-24T21:50:11.000Z,"Identifying  the factors driving your costs can seem daunting. To provide visibility, remove the headaches, and help optimize their network, businesses turn to third-party #logistics providers like #Penske. 

Learn more: https://ow.ly/kUL950PRAu0

#SupplyChain  #3PL #trucking",https://twitter.com/PenskeLogistics,,,
"""third party logistics"" lang:en","Equilibria, Inc.
@EquilibriaInc
·
Oct 25",2023-10-24T21:00:32.000Z,"""Third-party logistics providers (3PLs) are helping fast growing e-commerce brands scale sustainably and expand their operations in competitive markets"".

Read more in the link below!

https://bit.ly/3HoAKga

#smallbiz #manufacturing",https://twitter.com/EquilibriaInc,,,
"""third party logistics"" lang:en","Leaders in Logistics
@Lead_Logistics
·
Oct 24",2023-10-24T13:12:35.000Z,"Third-party logistics, or 3PL, has become a linchpin in modern supply chain management.

Learn how partnering with the right 3PL company can streamline your supply chain, reduce costs, and enhance customer satisfaction in 
@ParcelMonitor
’s article:",https://twitter.com/Lead_Logistics,,,
"""third party logistics"" lang:en","FreightWaves
@FreightWaves
·
Oct 24",2023-10-23T20:44:35.000Z,"Kuehne+Nagel, the world’s largest third-party logistics provider and airfreight intermediary, announced it has added two destinations to its around-the-world air charter service to support increasing demand from the semiconductor industry.",https://twitter.com/FreightWaves,,1,7
"""third party logistics"" lang:en","Left Lane Associates
@LeftLaneAssoc
·
Oct 23",2023-10-23T11:00:23.000Z,"Fulfillment center locations are vital to the supply chain process, and third-party logistics providers (3PLs) play a key role. Read the article below to discover the strategic importance of fulfillment centers. 

https://mytotalretail.com/article/the-strategic-importance-of-fulfillment-center-locations/…

#3PL #CustomerExperience #Logistics",https://twitter.com/LeftLaneAssoc,,,1
shopify WMS lang:en,"DIDADI Logistics Tech
@Peipei_Didadi
·
3h",2023-10-27T02:23:51.000Z,"DIDADI offers a One-Stop Solution for shipping to Amazon Fulfillment Warehouses.
$AMZN #dtc #btc #amazon #shopify #esty #3pl #didadilogistics #ecommerce #fulfillment #btb #Retail #wms #FBA #FBM",https://twitter.com/Peipei_Didadi,,,
shopify WMS lang:en,"DIDADI Logistics Tech
@Peipei_Didadi
·
Oct 25",2023-10-25T09:12:11.000Z,"DIDADI’s WMS enhances the pick, pack, and ship process by optimizing efficiency and accuracy.

#dtc #btc #amazon #shopify #esty #3pl #didadilogistics #ecommerce #fulfillment #btb #Retail #wms #FBA #FBM",https://twitter.com/Peipei_Didadi,,2,5
shopify WMS lang:en,"DIDADI Logistics Tech
@Peipei_Didadi
·
Oct 12",2023-10-12T06:15:53.000Z,"With DIDADI's WMS, you can easily calculate your freight shipping fee, manage your inventory levels, manage orders, and optimize fulfillment operations.
Free  access: http://47.52.146.196/

#wms #warehousing #logistics #3pl #btc #dtc #btb #ecommerce #amazon #etsy #ebay #shopify",https://twitter.com/Peipei_Didadi,1,,
shopify WMS lang:en,"Yoonsun Lee
@everdenepublic
·
Oct 6",2023-10-06T12:25:31.000Z,Enterprise WMS building or customer tagging in real time. Plugins cannot connect without capability to API hook with conditionally scoring/redirect A/B page view. Shopify/Klaviyo does not translate to ERPs w/ multiple APIs. Supabase/Xano/Firebase needed. +Webflow (Membership) API,https://twitter.com/everdenepublic,,,
shopify WMS lang:en,"Think Inventory Solutions
@Think_WMS
·
Sep 20",2023-09-20T06:06:23.000Z,"Our #WarehouseManagementSystem is designed to easily interface with other applications ranging from ERP systems such as  SAP, System 21, SAGE, MS Dynamics, Oracle etc. To Ecommerce providers such as Shopify & Prestashop.
https://thinkinventorysolutions.com
#warehousing #WMS #logistics",https://twitter.com/Think_WMS,,,
shopify WMS lang:en,"Marty Sullens
@Sumohax0r
·
Sep 11",2023-09-11T15:37:55.000Z,Without using an external OMS/WMS you should be able to use the Shopify Bundles app to create your 12 pack / mix and match and it'll break it down into the correct inventory components of 6 packs as the main SKU.,https://twitter.com/Sumohax0r,1,,2
shopify WMS lang:en,"Kyle Decentral
@KyleLogiks
·
Aug 31",2023-08-31T17:32:42.000Z,"@benjaminhgordon
 what does this Buy with Prime/Shopify news mean for the 5 year future of supply chain execution? 

WMS/Transportation/Last Mile delivery? 

Does Buy with Prime start eating ecomm market share in all facets?",https://twitter.com/KyleLogiks,2,,1
shopify WMS lang:en,"Datapel Systems
@DatapelSystems
·
Aug 23",2023-08-23T04:07:00.000Z," Venturing into the world of online e-tailing, ELK faced the challenge of swift next-day deliveries. Enter Datapel Cloud.WMS! Integrating with 
@Shopify
 streamlined order management, processing orders in real time.  https://hubs.ly/Q01_Nb880 #Shopify #Ecommerce #WMS",https://twitter.com/DatapelSystems,,,
shopify WMS lang:en,"Yoonsun Lee
@everdenepublic
·
Aug 19",2023-08-19T12:24:06.000Z,"Webflow Export Nested in Shopify with Nested VUE hooked to Xano Functions that are securely synced to Shopify/Klaviyo/Salesforce/Hubspot/GA4 Events & APIs is the perfect & ""free"" Plugin Builder. Build PIM/WMS/Inventory/Drop Ship Applications/Bundler/Swatches App that are bespoke.",https://twitter.com/everdenepublic,,,
shopify WMS lang:en,"Ryder E-commerce by Whiplash
@Ryder_Ecommerce
·
Aug 15",2023-08-15T13:00:19.000Z,"FullWell needed tech-forward, cost-effective fulfillment  
@Ryder_Ecommerce
 delivered a 25% reduction in overall shipping costs  Read the case study  https://bit.ly/47l4vvU

#FullWell #vitamins #ecommerce #fulfillment #tech #WMS #shopifybrand #shopify #Ryder #RyderEcommerce",https://twitter.com/Ryder_Ecommerce,,,1
shopify WMS lang:en,"Yoonsun Lee
@everdenepublic
·
Jul 28",2023-07-27T20:03:20.000Z,"Even if you are using Native Liquid Shopify, you can also be using Next JS / Webflow Dev Link / Xano app builds for webhooked client/server Plugin Builds. Eco System E Com/ERP/WMS and Bundling is all open source free. PIM-SEO optimized/GA4 event managers are WYSWYG: NO CODE.",https://twitter.com/everdenepublic,,1,
shopify WMS lang:en,"Noah Reinisch
@Reinfish
·
Jul 20",2023-07-19T22:00:04.000Z,"Logiwa W

Logiwa, in a rare instance of getting ahead of an issue (lol first sentence is backhanded but I'll get better) sent a message letting users know that Shopify did something to their API that was causing the WMS to send shipment emails for each unique SKU on an order",https://twitter.com/Reinfish,2,,1
shopify WMS lang:en,"Think Inventory Solutions
@Think_WMS
·
Jul 4",2023-07-04T09:36:57.000Z,"THINK’s #WarehouseManagementSystem (#WMS) is designed to easily interface with other business applications ranging from #ERP systems such as #SAP, #System21, #SAGE, #MSDynamics, #Oracle etc. Through to #Ecommerce providers such as #Shopify & #Prestashop.
https://thinkinventorysolutions.com",https://twitter.com/Think_WMS,,,
shopify WMS lang:en,"VeraCore
@VeraCoreSystem
·
Jun 26",2023-06-26T17:50:22.000Z,"Did you know that VeraCore's WMS integrates seamlessly with popular e-commerce platforms like Shopify, Amazon, and Walmart? 
Say goodbye to manual data entry! #EcommerceIntegration #WarehouseManagement #3PL",https://twitter.com/VeraCoreSystem,,,
shopify WMS lang:en,"Best Inc.
@best_inc2
·
Jun 22",2023-06-21T22:28:15.000Z,"Good news! Best Inc. is expanding its warehouses capacity to 500,000 sq. ft. in the U.S. to accommodate clients' growing demands. #wms,#oms,#erp,#saas,#warehouse,#fba,#fulfillment,#ecommerce,#bestinc,#amazon,#walmart,#shopify,#chino,#电商,#海外仓,#仓库",https://twitter.com/best_inc2,1,1,1
shopify WMS lang:en,"Best Inc.
@best_inc2
·
Jun 22",2023-06-21T22:23:49.000Z,"AI changes everything. Have you tried ChatGPT? #wms,#oms,#erp,#saas,#warehouse,#fba,#fulfillment,#ecommerce,#bestinc,#amazon,#walmart,#shopify,#chino,#电商,#海外仓,#仓库,",https://twitter.com/best_inc2,,,
shopify WMS lang:en,"Deposco
@Deposco
·
Jun 6",2023-06-05T19:00:00.000Z,We're hard at #WERC today! Ask about our true end-to-end #WMS - with more comprehensive #OMS & #integrations functionality in 1 platform. No need for 3rd party help to hook up your #Shopify store + much more: https://bit.ly/3oLMyoO,https://twitter.com/Deposco,,1,1
shopify WMS lang:en,"Best Inc.
@best_inc2
·
May 15",2023-05-14T19:03:02.000Z,"Happy Mother's Day! These are BEST Inc.'s greatest mothers. #wms,#oms,#erp,#saas,#warehouse,#fba,#fulfillment,#ecommerce,#bestinc,#amazon,#walmart,#shopify,#chino,#电商,#海外仓,#仓库",https://twitter.com/best_inc2,1,,
"""FBA Prep"" lang:en","Blue30 - Amazon FBA Prep Centre
@Blue30Prep
·
Oct 25",2023-10-25T18:19:58.000Z,"Another busy day for the team with a full yard at times, some trucks had to be unload out the front to keep the drivers wait time down.



#ukamazon #fbaprep #FBA #amazonfba #amazonprep #fbaprepservice",https://twitter.com/Blue30Prep,,,
"""FBA Prep"" lang:en","ShipBob
@ShipBob
·
Oct 25",2023-10-25T13:42:08.000Z,"Our Fall '23 Release webinar is TODAY! 

You don't want to miss this live session about our latest releases like how you can leverage Fulfilled By TikTok, utilize our Inventory Placement Program, use our end-to-end FBA Prep Automation & much more! 

 https://hubs.la/Q026J-8G0",https://twitter.com/ShipBob,,,
"""FBA Prep"" lang:en","China sourcing agent for more than 10 years
@JaneLuo40234067
·
Oct 21",2023-10-21T14:36:34.000Z,"I am a sourcing agent from Guangzhou China for supply chain management for 7+ years. I am able to do Amazon FBA Prep, product sourcing, price negotiation, quality control, oem packing and shipment. Anyone in need can contact me. E:janeluo8790@foxmail.com, W : 008619928423227",https://twitter.com/JaneLuo40234067,,,
"""FBA Prep"" lang:en","Blue30 - Amazon FBA Prep Centre
@Blue30Prep
·
Oct 19",2023-10-19T17:39:35.000Z,"367 boxes outbound today!  It has been another busy day for our outbound team with a UPS collection of 274 boxes and Direct delivery of 93 boxes to FCs. 

#fbaprepservice #fbaprep #ukamazon #amazonfba #FBA #amazonprep #prep",https://twitter.com/Blue30Prep,1,,2
"""FBA Prep"" lang:en","ShipBob
@ShipBob
·
Oct 17",2023-10-17T17:14:35.000Z," Fulfill TikTok Shop orders
 FBA Prep Automation for parcel AND freight
 Hands-off inventory distribution and rebalancing
 Leverage long-term storage sites
 Updates to improve productivity for ShipBob WMS

Learn more about our new features:",https://twitter.com/ShipBob,,,
"""FBA Prep"" lang:en","China sourcing agent for more than 10 years
@JaneLuo40234067
·
Oct 18",2023-10-18T07:59:51.000Z,"I am a sourcing agent from Guangzhou China for supply chain management for 7+ years. I am able to do Amazon FBA Prep, product sourcing, price negotiation, quality control, oem packing and shipment. Anyone in need can contact me. E:janeluo8790@foxmail.com, W : 008619928423227",https://twitter.com/JaneLuo40234067,,,
"""FBA Prep"" lang:en","Upstate Prep
@UpstatePrepSC1
·
Oct 17",2023-10-16T19:06:01.000Z,Curious about what goes on behind the scenes at a 3PL and Amazon FBA prep center? Follow Upstate Prep on TikTok for an exclusive look! Get ready to dive into the world of efficient logistics and seamless fulfillment.  #3PL #AmazonFBA #BehindTheScenes #LogisticsLife #FBA #amazon,https://twitter.com/UpstatePrepSC1,,,
"""FBA Prep"" lang:en","Sean M. Lee
@seanleeCPG
·
Oct 13",2023-10-13T14:30:56.000Z,"Amazon FBA Prep can make or break your holiday season...

Did your 3PL prep enough inventory and ship it to Amazon for the holiday season?

Every year, we see products sit on LTL trucks and in small parcel receiving at Amazon for weeks, waiting to be checked in. Leaving critical…",https://twitter.com/seanleeCPG,,,
"""FBA Prep"" lang:en","6FootFlips
@6footflips
·
Oct 12",2023-10-12T14:35:41.000Z,saving time buying this damn thing for FBA prep,https://twitter.com/6footflips,,,
"""FBA Prep"" lang:en","China sourcing agent for more than 10 years
@JaneLuo40234067
·
Oct 10",2023-10-10T14:58:47.000Z,"I am a sourcing agent from Guangzhou China for supply chain management for 7+ years. I am able to do Amazon FBA Prep, product sourcing, price negotiation, quality control, oem packing and shipment. Anyone in need can contact me. E:janeluo8790@foxmail.com, W : 008619928423227",https://twitter.com/JaneLuo40234067,,,1
"""FBA Prep"" lang:en","3PL Business Fulfillment, Inc.
@3PLBusiness
·
Oct 10",2023-10-10T13:24:59.000Z,"Skip the FBA prep hassle!  We're your reliable partners for smooth, efficient shipping. Discover excellence now.
https://tinyurl.com/yc5sj82b
#pickandpackfulfillment #3plbusiness",https://twitter.com/3PLBusiness,,,
"""FBA Prep"" lang:en","Wiser Miner | Bitcoin Mining Solutions
@WiserMiner",2023-10-08T13:32:47.000Z,"Power the Future with Wiser Miner 

-Dive into the new age of digital wealth!

-Eco-friendly solutions for the Bitcoin enthusiast.

-Secure, transparent, and revolutionary.",https://twitter.com/WiserMiner,104,185,968
"""FBA Prep"" lang:en","BowTiedHalibut
@bowtiedhalibut
·
Oct 7",2023-10-06T23:54:48.000Z,"Heat gun and a Scotty Peeler label remover are essential tools for FBA prep. 

There was no reason for the online retailer to put all these stickers on every single item though. ",https://twitter.com/bowtiedhalibut,,,9
"""FBA Prep"" lang:en","Brian FBA
@BrianFba
·
Sep 24",2023-09-23T20:22:33.000Z,"Just dropped off 81 units across 20 SKUs to UPS for FBA. Prep takes so much time. I need to lean on my prep center more, but I also need to find products with a higher margin. The sauce is in the sourcing, and I need to get better.",https://twitter.com/BrianFba,5,,24
"""FBA Prep"" lang:en","China sourcing agent for more than 10 years
@JaneLuo40234067
·
Sep 23",2023-09-23T06:19:23.000Z,"I am a sourcing agent from Guangzhou China for supply chain management for 7+ years. I am able to do Amazon FBA Prep, product sourcing, price negotiation, quality control, oem packing and shipment. Anyone in need can contact me. E:janeluo8790@foxmail.com, W : 008619928423227",https://twitter.com/JaneLuo40234067,,,
"""FBA Prep"" lang:en","Discounts Deck
@discountsdeck",2023-09-22T04:36:13.000Z,"Go Vegan Premium Healthy Nutmix 1kg (Dried Almonds, Cashewnuts, Cranberries, Green Raisins, Walnut Kernels, Pinapple Coil, Black Raisins, Mix Fruit & More)

MRP: Rs 1,799

Deal Price: Rs 499

Link: https://amzn.to/3M6U3PT?twclid=2-1j1m2dojhnwz3eh33fq7db5yy

#AmazonGreatIndianFestival #Ad",https://twitter.com/discountsdeck,6,30,113
"""FBA Prep"" lang:en","BrayFBA
@FbaBray
·
Sep 21",2023-09-21T16:08:20.000Z,PREP,https://twitter.com/FbaBray,,,1
"""FBA Prep"" lang:en","DIDADI Logistics Tech
@Peipei_Didadi
·
Sep 18",2023-09-18T10:24:03.000Z,"Discover DIDADI Logistics’ FBA prep solutions, where we assist in preparing your brand’s products for the Amazon Fulfilled by Amazon (FBA) service.
#DIDADI #FBA #FBM #orderfulfilment #FCL #LCL #shipping #B2C #DTC  #landship #container #carrier",https://twitter.com/Peipei_Didadi,,,
"""e-commerce fulfillment"" lang:en","Teufel Hunden
@TeuHunden
·
7h",2023-10-26T21:43:50.000Z,"This is who os suing him another e-commerce fulfillment business. Wonder if it has to do with the warehouse 
@flexport
 @typesfast
 bought and shipping those Teddy Books…",https://twitter.com/TeuHunden,1,,
"""e-commerce fulfillment"" lang:en","Space3
@Space3_gg",2023-10-26T13:34:37.000Z,"Ready for a spellbinding chess adventure with 
@AnichessGame
's MISSION and their Mini Game Early Access Registration!

70 Orbs of Power NFTs worth $350  
Powered by 
@animocabrands
 , 
@chesscom
 , #Anichess brings enchantment to the board. 

Join now https://space3.gg/missions/652e459819d97d646f259427?twclid=23lokdrqgxumjhirohk0bkdjjb…",https://twitter.com/Space3_gg,,4,11
"""e-commerce fulfillment"" lang:en","Northland Business Consulting Ltd
@canada_busines
·
17h",2023-10-26T12:03:49.000Z,"Northland E-Commerce Fulfillment: Your trusted partner for seamless online fulfillment services in Canada. 
Visit- https://northland-consulting.com
For Canada- +1 6477167664
For India-  +91 9910048389
Mail us- info@northland-consulting.com
 #EcommerceFulfillment #CanadaFulfillment",https://twitter.com/canada_busines,,,
"""e-commerce fulfillment"" lang:en","Warehousity
@warehousity
·
23h",2023-10-26T06:29:29.000Z,"Ready to revolutionize your e-commerce fulfillment? Warehousity offers a full-stack solution powered by cutting-edge technology and robust automation. 

let’s connect at scm@warehousity.com or visit us at http://warehousity.com.
.
.
#Ecommerce #Fulfillment #4PL #Warehousity",https://twitter.com/warehousity,,,1
"""e-commerce fulfillment"" lang:en","rajya
@rajyaatluri",2023-10-25T00:00:01.000Z,"Coral AI is the #1 productivity tool for writers.

It will find you the perfect quotes with page citations from any document, book, or research paper.

It's like ChatGPT, but built for writers.

The best part? It's free.",https://twitter.com/rajyaatluri,,10,86
"""e-commerce fulfillment"" lang:en","Natasha Uderani
@UderaniNatasha
·
Oct 24",2023-10-24T13:34:31.000Z,"BlueEX recently announced its plans to sell its e-commerce fulfillment business to Rider (YC WC22). This move comes only months after Abhi (YC S21) bought a 10% stake in BlueEx.

But what exactly is the rationale behind the sale? Read more:https://insights.datadarbar.io/why-is-blueex-selling-its-e-commerce-business-to-rider/…",https://twitter.com/UderaniNatasha,,4,8
"""e-commerce fulfillment"" lang:en","Logiwa
@LogiwaWms
·
Oct 24",2023-10-23T20:15:59.000Z,Did you catch our CEO Erhan Musaoglu on The Matt Waller Podcast?  Check out the distilled insights on scaling e-commerce fulfillment operations in this article for a quick dive into the conversation. Discover more:,https://twitter.com/LogiwaWms,,,
"""e-commerce fulfillment"" lang:en","MobileDemand
@MobileDemand
·
Oct 20",2023-10-19T19:56:05.000Z,"Sun and Ski Sports needed rugged devices with high processing speeds for work orders and e-commerce fulfillment >> https://bit.ly/48YAxyI

#ecommerce #retailtablet #ruggedtablet",https://twitter.com/MobileDemand,,,
"""e-commerce fulfillment"" lang:en","Romark Logistics
@romarklogistics
·
Oct 18",2023-10-18T13:03:01.000Z,"As part of our warehousing and e-commerce fulfillment services, we offer warehousing solutions for a wide range of industries and business sizes. Visit our website https://romarklogistics.com to learn more.

#Warehousing
#ECommerce
#RomarkLogistics",https://twitter.com/romarklogistics,,1,1
"""e-commerce fulfillment"" lang:en","Supply Chain Partners
@SupplyCPartners
·
Oct 18",2023-10-17T23:35:16.000Z,"Fulfillmate is a 3PL & Distribution business specialising in e-commerce fulfillment & helping Australian businesses export to USA & scale up. Helping you achieve success

#Export #Entrepreneurs #FreightForwarding #Transport #Logistics",https://twitter.com/SupplyCPartners,,,1
"""e-commerce fulfillment"" lang:en","FBA Business In A Box
@FbaBiz
·
Oct 16",2023-10-16T17:00:27.000Z,"Discover the power of sourcing e-commerce fulfillment. Save time and optimize costs for your business. Elevate to new heights with this transformative strategy. #ecommerce #fulfillment #businessgrowth https://fbabusinessinabox.com/done-for-you-service/…
#EcommerceConsulting #DoneForYou #Ecommerce",https://twitter.com/FbaBiz,,,
"""e-commerce fulfillment"" lang:en","Evolve Logistics Ltd
@evolvelogistics
·
Oct 16",2023-10-16T12:39:41.000Z,"Evolve Logistics  technology platform powers e-commerce fulfillment, retail distribution, and warehouse capacity offerings to enterprise retailers and brands—without fixed, long-term leases.",https://twitter.com/evolvelogistics,,,1
"""e-commerce fulfillment"" lang:en","Peter Farkas
@peter_robotics
·
Oct 11",2023-10-11T13:39:41.000Z,"OSARO SightWorks AI-driven vision software enables robots to see, perceive, grasp, and perform tasks previously done only by humans in the e-commerce fulfillment process.  https://osaro.com/solutions/sightworks-robot-vision…",https://twitter.com/peter_robotics,,,
"""e-commerce fulfillment"" lang:en","Techne
@Techne_Summit
·
Oct 7",2023-10-07T15:18:35.000Z,"Now! panel discussion “Shipping the Future: Revolutionizing E-commerce Fulfillment through Customer-Centric Logistics and Global Delivery Solutions”
#TechneSummit #WhereInnovationMeetsOpportunity #ConnectingTheRightPeople #CorporateInnovation #Startups #Investors",https://twitter.com/Techne_Summit,,,1
"""e-commerce fulfillment"" lang:en","ELEVEN OCEAN LTD
@ElevenOceanLTD
·
Oct 6",2023-10-06T07:14:19.000Z,"One size does not fit all. We work closely with our clients to design and build warehouses that align with the specific operational requirements, whether it's for storage, distribution, e-commerce fulfillment, or specialized needs.

Contact us today at info@eleven-ocean.com",https://twitter.com/ElevenOceanLTD,,,
"""e-commerce fulfillment"" lang:en","World Scientific
@worldscientific",2023-10-04T17:17:21.000Z,"Uncover the basics and recent advances in #PolymerNanoparticles, including #PolymerSynthesis, self-assembly, properties, and applications. It showcases the advanced applications in pharmaceutics, biomedicals, energy and environmental. 20% off, quote ""WSBOOKSL20""",https://twitter.com/worldscientific,,9,15
"""e-commerce fulfillment"" lang:en","ReachShip
@reachship
·
Oct 4",2023-10-04T09:58:36.000Z,"Uncover the secrets of E-commerce Fulfillment!  Dive into the definition, process, and valuable resources to streamline your business.

#SupplyChain #Logistics #Ecommerce #Fulfillment",https://twitter.com/reachship,,,
"""e-commerce fulfillment"" lang:en","MAPLE® Business Council
@MapleSoCal
·
Oct 3",2023-10-03T14:25:22.000Z,"Together with MAPLE British Columbia Executive Director Jason Tse, thank you to Lorraine Duclos, Senior Account Director at Vancouver-based 
@hemlockharling
, a leading direct mail, postal, print, e-commerce fulfillment & distribution solution provider, for your membership renewal!",https://twitter.com/MapleSoCal,,1,1
"""Shipstation"" lang:en","Will Nitze
@willnitze
·
5h",2023-10-26T23:41:23.000Z,Dope,https://twitter.com/willnitze,,,1
"""Shipstation"" lang:en","Periodt Tubman
@TeaVee20
·
Oct 26",2023-10-26T00:27:43.000Z,"I knew Shannon Beador was going to be fired from Shipstation when they covered up the ad with this MSNBC ad

#RHOC",https://twitter.com/TeaVee20,,,
"""Shipstation"" lang:en","Iconicspeaker
@Iconicspeakerss",2023-10-24T15:15:54.000Z,"50CAL Bluetooth speaker, 320Watts, up to 78 hour battery, 340ft Bluetooth range, High Res Wifi, Guitar input and USB charge ports to charge your devices in the wild. Shop now:
https://store.thodio.com/products/2018-50-cal-a-box-the-original-ammo-can-speaker?variant=7447155245084&twclid=2n987jhi1hx8dwqy1a26z082v…

100+ reviews scoring 4.8/5.0 ★★★★★

#AmmoCanSpeaker #bluetoothspeaker",https://twitter.com/Iconicspeakerss,,21,168
"""Shipstation"" lang:en","Tyler Douglas
@Tylerodouglas
·
Oct 24",2023-10-24T03:58:38.000Z,"Every dollar 
@ShipStation
 users spend on 
@ShipWithString
 results in $5 saved on postage. Plus since they’re billed at the end of the month, it improves cash flow. It’s kind of like you’re being paid to use String ",https://twitter.com/Tylerodouglas,,,
"""Shipstation"" lang:en","Bradley
@bhklingy",2023-10-23T14:01:26.000Z,"Want to run a 4.3 40 yard dash? 

Increase your vertical by 5-8 inches?

Hacks Boosting Athleticism",https://twitter.com/bhklingy,,11,137
"""Shipstation"" lang:en","ShipStation
@ShipStation
·
Oct 23",2023-10-23T14:00:12.000Z,"We’re excited to announce a new partnership with Amazon Shipping — the all-new ground package delivery service for 
@amazon
 sellers! Check out how to get your account setup in seven easy steps here! https://bit.ly/46YvsEI",https://twitter.com/ShipStation,,,
"""Shipstation"" lang:en","Eric Campan
@EricBuildsBest
·
Oct 20",2023-10-19T22:14:04.000Z,"What about if you have a home based online business with a (shipstation) portal and website But like most startups, I'm lacking in clients. What would your advice be, to obtain a steady stream of online business?",https://twitter.com/EricBuildsBest,,,
"""Shipstation"" lang:en","ShipStation
@ShipStation
·
Oct 19",2023-10-19T16:08:20.000Z,"Take a bite out of the Big Apple with ShipStation. 
Join us for ShipStation University in New York City, where ShipStation will help you navigate the chaos of shipping. #SSU #Newyork

RSVP Today: https://bit.ly/48Yi1GI",https://twitter.com/ShipStation,,,1
"""Shipstation"" lang:en","ShipStation
@ShipStation
·
Oct 18",2023-10-18T14:30:09.000Z,"Attention merchants prepping for their holiday order rush! 
@USPS
 just announced no additional surcharges during the upcoming holiday season. Learn more!",https://twitter.com/ShipStation,,,
"""Shipstation"" lang:en","ShipStation
@ShipStation
·
Oct 17",2023-10-17T18:00:12.000Z," This holiday, leverage marketplaces' pivotal role in driving growth. Learn how to make marketplaces your secret weapon. Download our 2023 Holiday Trends Report today: https://bit.ly/3QkZtsM",https://twitter.com/ShipStation,,,
"""Shipstation"" lang:en","ChannelAdvisor
@channeladvisor
·
Oct 17",2023-10-17T14:33:02.000Z,"Next week we're sponsoring 
@Shipstation
 University. Come and see us at the ILA Penthouse in NYC on Oct. 26th from 1-5 pm ET. Register for this free event full of industry insights and networking https://buff.ly/3ZAqkUO",https://twitter.com/channeladvisor,,,
"""Shipstation"" lang:en","SkinBaronEN
@SkinBaronEN",2023-10-17T01:54:13.000Z,Ready for CS2? Upgrade your inventory with new skins! ,https://twitter.com/SkinBaronEN,447,782,2.7K
"""Shipstation"" lang:en","ShipStation
@ShipStation
·
Oct 16",2023-10-16T14:00:47.000Z,"Attention pet supply merchants!  Elevate your shipping game with ShipStation High Volume. Efficiently cater to every fur, feather, and scale.   https://bit.ly/45zjnVw",https://twitter.com/ShipStation,1,,1
"""Shipstation"" lang:en","ZAPking- follow if you like ;P
@ZAPkingstream
·
Oct 16",2023-10-15T22:44:46.000Z,Like I said it's karma that people will do it to her. Just don't recommend anyone to do it. Only say this because I really don't like stooping to their level. I don't think you're bad or anything and mean well. Just remember not worth making you look bad to get back at someone…,https://twitter.com/ZAPkingstream,,,1
"""Shipstation"" lang:en","David Smith
@CodelessDavid
·
Oct 15",2023-10-15T12:00:20.000Z,"Discover the common integration scenarios often implemented when using BPA Platform to integrate 
@ShipStation
 with other systems",https://twitter.com/CodelessDavid,,,1
"""Shipstation"" lang:en","WooSesh
@WooSesh
·
Oct 13",2023-10-13T13:13:00.000Z,"Help us give a big THANK YOU  to 
@ShipStation
 for sponsoring #WooSesh 2023! Check them out   https://WooSesh.com/sponsors/shipsors/shipstation…",https://twitter.com/WooSesh,,,1
"""Shipstation"" lang:en","Growth Hackers
@TopGrowthAgency
·
Oct 13",2023-10-13T11:48:00.000Z,"ShipStation Vs Shippo:
- Overview
- Pricing
- Ease of Use and User Interface
- Shipping Carrier Integrations
- Customer Support
- Advanced Features
- Customer Reviews

#Shipping #SupplyChain #Logistics #Business #eCommerce ",https://twitter.com/TopGrowthAgency,,1,
"""Shipstation"" lang:en","warpenguin
@warpenguin55
·
Oct 13",2023-10-12T19:29:17.000Z,"@ShipStation
 I strongly suggest you reexamine your sponsorship with 
@iilluminaughtii
. She is not someone I believe you want represting your brand",https://twitter.com/warpenguin55,,1,5
"""Logiwa"" lang:en","Logiwa
@LogiwaWms
·
11h",2023-10-26T17:52:09.000Z,"Day 1 at 
@WERC
 Texas! Swing by Logiwa booth #15 for an up-close look at our cutting-edge fulfillment solution. Let's make valuable connections!  #WERC2023

Book a meeting with our team: https://bit.ly/3FyH5Xm",https://twitter.com/LogiwaWms,,,
"""Logiwa"" lang:en","IWLA_Canada
@IWLA_Canada
·
12h",2023-10-26T17:01:03.000Z,"Thanks to our attendees, speakers, sponsors (Techdinamics Integrations Inc and Logiwa WMS), and the IWLA Canada Council for making the 2023 IWLA Canada Fall Meeting possible. 

Stay tuned for details on our upcoming IWLA Canada Holiday Lunch. #IWLA_Canada #CanadaWarehousing",https://twitter.com/IWLA_Canada,,,
"""Logiwa"" lang:en","Logiwa
@LogiwaWms
·
13h",2023-10-26T15:42:47.000Z,"Today we are at 
@IWLA
 Canada Fall Meeting, and we're excited to sponsor breakfast and spend time with our partner 
@Techdinamics
. Excited to forge new connections in #Canada. Join our webinar with IWLA and Techdinamics on Black Friday prep! Learn more: https://bit.ly/3SfpQBL",https://twitter.com/LogiwaWms,,,
"""Logiwa"" lang:en","Logiwa
@LogiwaWms
·
Oct 25",2023-10-25T14:10:59.000Z,"Meet us at booth #15, 
@WERC
 Texas 2023 on Oct. 26! Let's fine-tune your supply chain. Schedule a meeting now for a shot at winning a retro game console! Book now: https://bit.ly/3rXClHJ
#WERC2023 #SupplyChain #Logistics",https://twitter.com/LogiwaWms,,,
"""Logiwa"" lang:en","Logiwa
@LogiwaWms
·
Oct 24",2023-10-24T14:07:01.000Z,"Get ready to green your supply chain.  Join Shannon Caflisch, Ninaad Acharya, and Todd Lewis in this ""Greening Your Supply Chain"" webinar. RSVP now: https://bit.ly/45KGUD1 #SupplyChain #Sustainability #GreenTech",https://twitter.com/LogiwaWms,,,
"""Logiwa"" lang:en","Logiwa
@LogiwaWms
·
Oct 23",2023-10-23T16:03:30.000Z," Thrilled to announce our prominence in #WMS by 
@G2
 for Fall 2023! As a Warehouse Management and 3PL Leader, we set the bar high. Discover why our customers call Logiwa WMS their ideal #fulfillment solution: https://bit.ly/3S6F0JJ",https://twitter.com/LogiwaWms,,,3
"""Logiwa"" lang:en","Logiwa
@LogiwaWms
·
Oct 20",2023-10-20T13:46:00.000Z,"Maximize #SmallBusinessSaturday Prep for Retailers & Online Merchants 
- Get on Consumers’ Radars 
- Create Special Offers 
- Optimize Online Presence 
- Enhance Customer Service 
- Stock Up 
Learn more: https://bit.ly/3Sjv0gr

#Ecommerce #Retail",https://twitter.com/LogiwaWms,,,1
"""Logiwa"" lang:en","Logiwa
@LogiwaWms
·
Oct 11",2023-10-11T15:15:47.000Z,"Join Logiwa’s very own Ray Roberts in the upcoming 
@SCMR
 webinar! Ecommerce demands are surging, and you need to stay ahead. Learn about DTC fulfillment, peak season strategies, and modern WMS tech. Register now: https://bit.ly/48LZLQK #SupplyChain #PeakSeason #Retail",https://twitter.com/LogiwaWms,,,
"""Logiwa"" lang:en","Logiwa
@LogiwaWms
·
Oct 2",2023-10-02T18:25:01.000Z,"Kicking off Day 1 at 
@CSCMP
 EDGE 2023!Drop by the Logiwa booth #713 to explore our cutting-edge fulfillment solution. We look forward to making some meaningful connections the next few days! ",https://twitter.com/LogiwaWms,,,2
"""Logiwa"" lang:en","Logiwa
@LogiwaWms
·
Sep 22",2023-09-22T13:48:00.000Z,"Logiwa's seamless integration with 
@UPS
 is your key to streamlining shipping operations. Discover advantages such as automated label printing, built-in rate shopping, and real-time order and shipment tracking. Learn more  https://bit.ly/3Lxrj2j",https://twitter.com/LogiwaWms,,,1
"""Logiwa"" lang:en","Logiwa
@LogiwaWms
·
Sep 19",2023-09-19T16:09:00.000Z,"Exciting news! Logiwa has been recognized as a Best Workplace in Technology by 
@GPTW_TR
 . Thanks to our amazing team for making Logiwa a great place to work!Learn more: https://bit.ly/48mwwDL",https://twitter.com/LogiwaWms,,,
"""Logiwa"" lang:en","MÖ
@Moniz35
·
Sep 18",2023-09-18T17:47:27.000Z,Ke itogile maphondo. Go botlhoko. You’d swear ne ke logiwa ke motho o sele. I don’t understand??? ,https://twitter.com/Moniz35,,,1
"""Logiwa"" lang:en","Logiwa
@LogiwaWms
·
Sep 14",2023-09-14T17:40:00.000Z,"Did you know Logiwa's FedEx shipping software is fully integrated with 
@FedEx
, one of the world's largest parcel delivery companies? Discover the benefits:
 Cost-effective deliveries
 Streamlined packing 
 Real-time tracking
Learn more: https://bit.ly/489QIZs",https://twitter.com/LogiwaWms,,,
"""Logiwa"" lang:en","Logiwa
@LogiwaWms
·
Sep 14",2023-09-14T14:27:19.000Z,"The pursuit of a prime opportunity to elevate your fulfillment game ends here – introducing our enhanced 
@Amazon
 FBA integration. Our FBA integration streamlines the complete FBA workflow all within the Logiwa user-friendly interface. Learn more:https://bit.ly/48r4YNQ
#ecommerce",https://twitter.com/LogiwaWms,,,
"""Logiwa"" lang:en","Logiwa
@LogiwaWms
·
Sep 11",2023-09-11T13:33:00.000Z,"We are incredibly proud of our Logiwan, Ryan, who we sponsored for the Chicago Triathlon, raising $3,200 for 
@mssociety
 in honor of his mom. Logiwa stands with you.",https://twitter.com/LogiwaWms,,,2
"""Logiwa"" lang:en","MHI
@poweredbymhi
·
Sep 9",2023-09-08T23:52:02.000Z,Logiwa Announces Additions to Leadership Team to Drive Continued Growth http://dlvr.it/SvqzGP,https://twitter.com/poweredbymhi,,,
"""Logiwa"" lang:en","Logiwa
@LogiwaWms
·
Sep 5",2023-09-05T17:23:00.000Z,"Join us this week at the 
@IWLA_US
 Tech Symposium 2023 to meet Logiwa in person! Swing by our table to learn about our cutting-edge cloud-based order fulfillment and WMS software. Don't miss out -- secure your time slot with our team by scheduling now: https://bit.ly/45GSOP8",https://twitter.com/LogiwaWms,,,
"""Logiwa"" lang:en","Logiwa
@LogiwaWms
·
Aug 31",2023-08-31T16:00:01.000Z,"We are thrilled to announce that Logiwa has been recognized as a winner of the 2023 Fortune Best Small Workplaces™ List by 
@GPTW_US
 and 
@FortuneMagazine
 !  For more information, check out the full press release: https://bit.ly/45S9Dq0 #GPTW",https://twitter.com/LogiwaWms,,1,2
"""3PL WMS"" lang:en","BI-Technologies
@BITechnologies_
·
21h",2023-10-26T07:47:00.000Z,"Big News! We’re excited to announce that Amouage has successfully went live with 
@MSFTDynamicsERP
 in integration with 3PL-WMS solution.
Thanks 
@AmouageOfficial
, for choosing BI-Technologies, the 
@Microsoft
 Solutions Partner for Business Applications.
@MicrosoftEgypt",https://twitter.com/BITechnologies_,,,
"""3PL WMS"" lang:en","LogixGrid
@LogixGridTech
·
Oct 14",2023-10-14T09:56:56.000Z,"Experience the most comprehensive cloud-based 3PL order management and warehouse management solution with LogixPlatform.
To know more: https://logixgrid.com/third-party-logistics-software/…
To book an online demo, click here: https://logixgrid.com/contact-us/

#logistics #logixplatform #3pl #wms",https://twitter.com/LogixGridTech,,,
"""3PL WMS"" lang:en","extensiv
@goextensiv
·
Sep 21",2023-09-21T18:06:06.000Z,"We're thrilled to shine a spotlight on one of our valued clients, Our Serviceworks, and their fantastic experience with Extensiv. 
https://hubs.ly/Q02316By0

#Extensiv #OurServiceworks #CustomerSpotlight #3PL #WMS #SustainableFulfillment",https://twitter.com/goextensiv,,,
"""3PL WMS"" lang:en","Muhammad Abdullah - SEO Expert
@MAbdullahART
·
Sep 14",2023-09-14T11:52:04.000Z,"How to choose the best 3PL WMS for small businesses?

#3plsoftware #wms #阪神タイガース",https://twitter.com/MAbdullahART,,,
"""3PL WMS"" lang:en","SnapFulfil
@SnapFulfil
·
Aug 8",2023-08-08T13:01:04.000Z,"Through our #3PL #WMS, you will be able to provide tailored warehouse management solutions under one roof whilst ensuring your billing is transparent and accurate.

Download our 3PL brochure for more:
https://hubs.ly/Q01Zwv1b0",https://twitter.com/SnapFulfil,,,1
"""3PL WMS"" lang:en","نبيل الطنطاوي
@NAltntawy
·
Jul 4",2023-07-04T08:47:06.000Z,3PL Wms Software | http://relativeanswers.com http://relativeanswers.com/c/software/3PL-Wms-Software.html…,https://twitter.com/NAltntawy,,,
"""3PL WMS"" lang:en","Royal 4 Systems
@Royal4Systems1
·
Jun 23",2023-06-23T16:00:07.000Z,Wholesale Frozen Food wants to automate their processes and implement a 3PL WMS that could accommodate both dry and frozen storage requirements. Sharon and her team evaluated several systems and concluded that the WISE #3PL #WMS system best fit their needs.https://hubs.la/Q01VwmhP0,https://twitter.com/Royal4Systems1,,,
"""3PL WMS"" lang:en","LogixGrid
@LogixGridTech
·
Jun 14",2023-06-14T11:38:28.000Z,"Unlock Efficiency and Growth: Upgrade Your 3PL WMS Software with LogixPlatform. Seamlessly Connect to Your Clients' eCommerce Store, Streamline Inventory Management, and Gain Total Control. To know more, click here: https://logixgrid.com/warehouse-management-system/#Automation… #ProductivityBoost #LogixPlatform",https://twitter.com/LogixGridTech,,,1
"""3PL WMS"" lang:en","Apparel Business Systems
@ApparelBusiness
·
Jun 9",2023-06-08T20:38:00.000Z,"Partnering with a 3rd Party Logistics Provider (3PL) is like a “professional marriage”.
Here are 10 important factors to consider when selecting a 3PL provider.

https://timebusinessnews.com/choosing-the-right-3pl-for-your-apparel-or-footwear-business/…

Talk to us about your 3PL or WMS needs! Info@apparelbusiness.com

#3pl #wms #integration",https://twitter.com/ApparelBusiness,,,
"""3PL WMS"" lang:en","Dan White
@heyitsdanwhite
·
May 17",2023-05-17T17:58:16.000Z,"Topics you MUST discuss with your 3PL:

- WMS
- Returns
- Storage
- Shipping
- Receiving
- Packaging
- Pick & Pack
- Ability to Scale
- Customizations
- Special Projects
- Warehouse Tour
- Niche Specialties
- Retail (if applicable)
- Warehouse Capacity
- Inventory Management",https://twitter.com/heyitsdanwhite,,,8
"""3PL WMS"" lang:en","SnapFulfil
@SnapFulfil
·
May 11",2023-05-11T13:06:15.000Z,"Customers can test out new processes within their operations to find efficiencies and improvements using the customisation feature in our dedicated #3PL #WMS.
@3P_Logistics
 have found this to be a huge benefits to their business...",https://twitter.com/SnapFulfil,,1,2
"""3PL WMS"" lang:en","Austin Kreinz
@austinkreinz
·
Apr 20",2023-04-19T22:31:16.000Z,"By far one of the most underutilized strategies for all growing businesses - 

“Leveraging a consultant or company for unbiased insight”

Whether searching for 3PL, WMS of Basic Fulfillment insight, Joe and the fulfill team are your go-to.

Most impactful for brands $1mm-$250mm",https://twitter.com/austinkreinz,,,2
"""3PL WMS"" lang:en","WarehouseView.ca
@warehouseview
·
Apr 10",2023-04-10T13:07:11.000Z,"#supplychain #warehousing #3pl #wms

If you are a warehouse owner or operator, we want to hear your story! Fill in our form for a chance to win a 100 dollar gift card.",https://twitter.com/warehouseview,,,
"""3PL WMS"" lang:en","Aeronet Worldwide
@AeronetInc
·
Apr 5",2023-04-05T16:52:51.000Z,"What to Know About #Warehousing Services – https://speakinglogistics.com/what-to-know-about-warehousing-services/…

#logistics #shipping #SupplyChain #storage #distribution #eCommerceFulfillment #LSP #3PL #WMS #ColdStorage",https://twitter.com/AeronetInc,,,
"""3PL WMS"" lang:en","Royal 4 Systems
@Royal4Systems1
·
Apr 5",2023-04-05T16:00:13.000Z,"Sharon and her team evaluated several systems and concluded that the WISE 3PL WMS system best fit their needs. They narrowed it to a few components, but primarily it came down to WISE having rules-based configuration. https://hubs.la/Q01K0shr0",https://twitter.com/Royal4Systems1,,,
"""3PL WMS"" lang:en","Penske Logistics
@PenskeLogistics
·
Apr 5",2023-04-04T19:40:11.000Z,Is your distribution center moving at market speed? http://ow.ly/u6sw50ISHQJ #warehousing #distribution #supplychain #3PL #wms,https://twitter.com/PenskeLogistics,,,1
"""3PL WMS"" lang:en","ClarusWMS
@claruswms
·
Mar 31",2023-03-31T10:07:01.000Z,"Juggling multiple 3PL clients can feel like a circus act, but with Clarus WMS, you'll be the ringmaster! Keep track of all your clients' shipments, billing and inventory in one place. 

#WarehouseManagement #3PL #WMS #LogisticsHumor",https://twitter.com/claruswms,,,1
"""3PL WMS"" lang:en","Penske Transportation Solutions
@PenskeNews
·
Mar 1",2023-02-28T21:45:11.000Z,"Rethinking your #wareousing and #distribution network? Get help from 
@PenskeLogistics
 and its complete guide to warehouse planning: http://ow.ly/uftR50N4MpA #logistics #supplychain #3PL #WMS",https://twitter.com/PenskeNews,1,,1
"""Order Fulfillment"" lang:en","QuickMove Technology
@QuickMoveTech
·
25m",2023-10-27T05:16:10.000Z,"A Logistics Inventory App is a powerful tool for managing and optimizing the flow of goods within a supply chain. It provides real-time visibility into inventory levels, streamlines order fulfillment, and helps businesses reduce costs while improving overall efficiency.",https://twitter.com/QuickMoveTech,,,
"""Order Fulfillment"" lang:en","M2
@M2Exchange",2023-10-27T01:12:52.000Z,Unlock best-in-class earnings with #M2.,https://twitter.com/M2Exchange,2,3,28
"""Order Fulfillment"" lang:en","FieldKit.org
@FieldKitOrg
·
8h",2023-10-26T21:23:49.000Z,"Want to be part of the FieldKit team? We're looking for an Operations & Fulfillment Lead based in Los Angeles to help both streamline FieldKit’s day-to-day operations and execute order fulfillment.

Learn more here:
https://fieldkit.org/careers/",https://twitter.com/FieldKitOrg,,,
"""Order Fulfillment"" lang:en","ACC Software
@ACC_Software
·
9h",2023-10-26T20:00:31.000Z,"Seamlessly connecting an ERP and e-commerce allows businesses to streamline sales processes, optimize order fulfillment, and enhance inventory management.",https://twitter.com/ACC_Software,,,
"""Order Fulfillment"" lang:en","Zachary McClung
@hcaz32000
·
11h",2023-10-26T17:51:20.000Z,"However, with merchants hesitating, Shopify is leaning into enhancing end-to-end customer experience, with plans to own more of the e-commerce process including order fulfillment and logistics.",https://twitter.com/hcaz32000,1,,1
"""Order Fulfillment"" lang:en","Falcon Fulfillment
@FalconFulfill
·
14h",2023-10-26T15:30:01.000Z,"What Fulfillment Model Is Right For You?

Discover the path to successful order fulfillment in our latest blog! Uncover the pros and cons of different fulfillment models to make informed decisions. 

Read here:  https://bit.ly/3M8CaA3

#FalconFulfillment #SupplyChain",https://twitter.com/FalconFulfill,,,
"""Order Fulfillment"" lang:en","Adoric
@Adoric_official
·
15h",2023-10-26T13:51:02.000Z," Are you trying to select an order fulfillment service provider for your Shopify store? 
We compiled seven factors to watch for. Get in the full story here 
https://adoric.com/blog/7-factors-to-consider-before-choosing-an-order-fulfillment-service-for-shopify/…

#Adoricblog #eCommerce #businessideas #Popup
 #Shopifyapp #adoric  #shopifyapps",https://twitter.com/Adoric_official,,,
"""Order Fulfillment"" lang:en","Beloved: A ButchFemme Zine
@BelovedZine
·
Oct 26",2023-10-26T01:03:26.000Z,"These are all now available on http://BelovedZine.com! We are only stocking a small portion of our full inventory onto the website to prevent backups in the order fulfillment process, but items will be restocked as soon as the batch of orders from that drop are complete! ",https://twitter.com/BelovedZine,2,15,38
"""Order Fulfillment"" lang:en","Signs of the Times
@STsignmag
·
Oct 26",2023-10-25T19:55:24.000Z,"STAHLS' has acquired Fulfill Engine, a software company specializing in order fulfillment and e-commerce store integration.",https://twitter.com/STsignmag,,,
"""Order Fulfillment"" lang:en","VisitJiangsu
@VisitJiangsu",2023-10-25T19:11:27.000Z,"Are you ready for much cooler weather in the following few days?

Today is Frost's Descent, the 18th solar term of the year, forecasting dropping temperatures by its name.",https://twitter.com/VisitJiangsu,4,4,87
"""Order Fulfillment"" lang:en","PositiveVision, Inc.
@PositiveVision_
·
Oct 26",2023-10-25T22:02:54.000Z," Scalability: Ready to grow with your business.
 Efficient Order Fulfillment: Syncs with available stock instantly.
 Negotiation Power: Equip yourself with data for better supplier rates.
 Quick Traceability: Handle recalls efficiently.",https://twitter.com/PositiveVision_,1,,1
"""Order Fulfillment"" lang:en","Yoke Network
@WeAreYoke",2023-10-25T18:55:13.000Z,Don't let creative fatigue ruin your Black Friday pushes - get new creatives now! ,https://twitter.com/WeAreYoke,,13,110
"""Order Fulfillment"" lang:en","TCR Gaming Sacramento Regional
@TCRGamingTX
·
Oct 25",2023-10-25T18:16:16.000Z,"For those still waiting on order fulfillment, apologies! Here's a brief update on the incoming restock:",https://twitter.com/TCRGamingTX,,2,7
"""Order Fulfillment"" lang:en","Gerald Brennan
@jerry_brennan
·
Oct 25",2023-10-25T16:20:21.000Z,"A 
@TortoiseBooks
 Order Fulfillment Selfie...Order 942 is coming for YOU! (If you are one particular customer on New York's Upper West Side who bought a copy of THE BIRTHPARENTS.)",https://twitter.com/jerry_brennan,,1,5
"""Order Fulfillment"" lang:en","Crossfire Consulting
@Crossfire_Tech
·
Oct 25",2023-10-25T15:08:12.000Z,We are hiring!! Order Fulfillment Professional - II: TX - Fort Worth http://dlvr.it/SxxCx4,https://twitter.com/Crossfire_Tech,,,
"""Order Fulfillment"" lang:en","Tecvia
@TecviaHQ
·
Oct 25",2023-10-25T13:10:15.000Z,"𝗗𝗶𝗱 𝘆𝗼𝘂 𝗸𝗻𝗼𝘄 𝘁𝗵𝗮𝘁... Microsoft Business Central provides you with the ability to monitor customer orders and shipments to ensure precise delivery and order fulfillment, as well as giving you detailed customer profiles, incl order history, preferences, and ...",https://twitter.com/TecviaHQ,1,,
"""Order Fulfillment"" lang:en","Ascend Staffing
@ascendstaffing
·
Oct 25",2023-10-25T07:40:09.000Z,Top Job Opportunity Top Job Opportunity Packaging and Order Fulfillment Worker,https://twitter.com/ascendstaffing,,,
"""Order Fulfillment"" lang:en","Rios
@riostoriches
·
Oct 25",2023-10-25T01:15:12.000Z,"Step 4:

Package & send to Amazon.

Amazon will handle:
- Customer service
- Order fulfillment + delivery
- Payment processing

etc

You don’t need a website.

You don’t need to pay for ads.

You don’t need any skills.

Can start even if you come straight outta jail.

Dead ass.",https://twitter.com/riostoriches,1,1,8
"""Warehouse management System"" lang:en","SKUSavvy
@skusavvy
·
11h",2023-10-26T18:00:40.000Z,"Get a warehouse management system without the legacy costs. Pricing that scales with you - 50 orders free, then just $0.19-$0.04 per order https://buff.ly/3CsoYC0",https://twitter.com/skusavvy,,,
"""Warehouse management System"" lang:en","Seidor UK
@SeidorUK
·
19h",2023-10-26T10:21:01.000Z,"Looking for a new warehouse management system? Check out SAP Business One's WMS tools.

With a host of powerful features you can:
Increase productivity 
Reduce errors 
Improve visibility 

Read our blog to find out more https://bit.ly/45jkqsn #WMS #warehousemanagement",https://twitter.com/SeidorUK,,,1
"""Warehouse management System"" lang:en","Neil Saunders
@NeilRetail
·
Oct 26",2023-10-26T04:09:00.000Z, Virgin Wines swung to a loss as the company was hit by soaring inflation and teething problems with its new warehouse management system,https://twitter.com/NeilRetail,,,
"""Warehouse management System"" lang:en","Daniela Ferreira
@eudanielasilva
·
Oct 25",2023-10-25T17:04:22.000Z,Oracle Services - Cloud SCM Warehouse Management System (WMS) - Manager - US Consulting,https://twitter.com/eudanielasilva,,,1
"""Warehouse management System"" lang:en","Port City Logistics
@PortCityL1
·
Oct 25",2023-10-25T16:01:34.000Z," Elevate Your Warehouse Game with PortCity's Multiple WMS Solutions! 

In a world driven by technology, your warehouse deserves the best! At PortCity, we're proud to offer multiple Warehouse Management System (WMS) solutions to take your operations to the next level.",https://twitter.com/PortCityL1,,,
"""Warehouse management System"" lang:en","Prometeo Chain System
@PrometeoChain
·
Oct 24",2023-10-24T14:57:34.000Z," Warehouse Wonders: Our Ikarus Stoke Warehouse Management System got a makeover! Optimized order fulfillment, custom vacancies, and superior customer support are at the heart of our upgrades.",https://twitter.com/PrometeoChain,1,,1
"""Warehouse management System"" lang:en","Leah Quintana
@Leah__Quintana
·
Oct 23",2023-10-23T18:03:45.000Z,"@Fulfilldwms
, a warehouse management system based on #machinelearning and #digitaltwin #technology, took 3rd place in the 
@GS1_US
 #StartupLab23 #PitchCompetition at #GS1Connect23. Learn more about the company. https://ow.ly/nylQ50PYcVG 
@GS1Connect",https://twitter.com/Leah__Quintana,,,
"""Warehouse management System"" lang:en","Lynkit
@LynkitIndia
·
Oct 23",2023-10-23T04:45:15.000Z," New Lynkgrid Warehouse Management System Experience! 

Explore our latest enhancements for a better, more efficient experience.

#Lynkit #warehouse #managment",https://twitter.com/LynkitIndia,,1,3
"""Warehouse management System"" lang:en","Barrdega
@barrdega
·
Oct 21",2023-10-21T17:28:42.000Z,"P4 Warehouse is a comprehensive warehouse management system (WMS) that helps businesses streamline their operations and increase efficiency. With its powerful features and intuitive interface.
#WMS #warehousemanagement #supplychain #inventorymanagement
#warehousemanagementsystem",https://twitter.com/barrdega,,,
"""Warehouse management System"" lang:en","Lynkit
@LynkitIndia
·
Oct 20",2023-10-20T12:56:59.000Z,"Discover the future of warehousing with Lynkit's SMART Warehouse Management System! 
Contact us now at sales@lynkit.in or 011 4082 4028 and embrace the future of warehousing!
.

#Lynkit #logistics #warehouse #management #system #inventory #friday",https://twitter.com/LynkitIndia,,,3
"""Warehouse management System"" lang:en","Mandata Ltd
@MandataLtd
·
Oct 20",2023-10-20T11:00:38.000Z,"Discover how an integrated Transport and Warehouse Management System can optimise stock management, streamlines operations, and boosts efficiency.  https://buff.ly/3F5C2xf  #TMS #WMS #TransportEfficiency",https://twitter.com/MandataLtd,,,
"""Warehouse management System"" lang:en","Nautical Manufacturing & Fulfillment
@NauticalDirect
·
Oct 20",2023-10-19T19:05:00.000Z,"What is a Warehouse Management System?

In the last several decades, warehouse management systems have risen to prominence as the backbone of modern logistics and supply chain operations.

Learn about them here: https://nautical-direct.com/warehouse-management-systems-the-key-to-modern-warehousing/…

#warehousing #logistics #supplychain",https://twitter.com/NauticalDirect,,,2
"""Warehouse management System"" lang:en","onpalms
@onpalms1
·
Oct 19",2023-10-19T11:29:05.000Z,"Integrating WMS with E-Commerce: Warehouse e-commerce integration, achieved through a Warehouse Management System (WMS), offers a viable strategy for achieving these objectives.

Read the Blog: https://shorturl.at/hwOU5

#wms #warehousemanagement #warehousesoftware #blog",https://twitter.com/onpalms1,,,1
"""Warehouse management System"" lang:en","Afreen (MCSC)
@Afreen1057126
·
Oct 18",2023-10-18T11:48:46.000Z,"Warehouse Management system course
 
Contact us :
+91 8712694218/19/20
#themcsc
#freightforwarding #supplychainmanagement #warehousingsolutions #logistics #warehousing #freightforwarding #logisticssolutions #transportion #fulltruckload #importexport #technology #tranportmanager",https://twitter.com/Afreen1057126,,1,
"""Warehouse management System"" lang:en","karishma shaik
@karishma1809
·
Oct 18",2023-10-18T04:42:35.000Z,"How A Warehouse Management System Streamlines Fulfillment Operations [INFOGRAPHIC]
#warehousemanagement #WMS #supplychain #logistics #Efficiency #automation #Productivity #shipping #optimization #inventorytracking #WarehouseTech 
@tycoonstory2020
 
https://tycoonstory.com/how-a-warehouse-management-system-streamlines-fulfillment-operations-infographic/…",https://twitter.com/karishma1809,1,5,7
"""Warehouse management System"" lang:en","Algorepublic
@Algorepblic
·
Oct 17",2023-10-17T15:00:51.000Z,"Elevate your warehouse management to the next level with AlgoRepublic's Warehouse Management System. Optimize your logistics, reduce costs, and enhance customer satisfaction.

#wms #supplychain #logistics #inventorymanagement",https://twitter.com/Algorepblic,,,
"""Warehouse management System"" lang:en","Ecommerce Guru
@theecomguru
·
Oct 17",2023-10-17T10:40:06.000Z,How To Develop An ECommerce Warehouse Management System - ZOBUZ http://dlvr.it/SxYRK9,https://twitter.com/theecomguru,,,
"""Warehouse management System"" lang:en","Kerridge Commercial Systems North America
@KerridgeCSNA
·
Oct 16",2023-10-16T13:00:56.000Z,"WMS is the Warehouse management system that saves money and streamlines processes simultaneously. #WarehouseManagementSystem #WMS

Learn more: https://ow.ly/cIBI50PMPUj",https://twitter.com/KerridgeCSNA,,,1
